text,target
Hailstorm damages crops and property in the northern regions.,1
Hailstorm damages crops and property in the northern regions.,1
"Forest fires rage on, consuming thousands of acres of woodland.",1
Massive earthquake shakes the west coast causing widespread damage.,1
Massive earthquake shakes the west coast causing widespread damage.,1
Massive earthquake shakes the west coast causing widespread damage.,1
Severe drought in the southern parts causing crop failures.,1
Massive earthquake shakes the west coast causing widespread damage.,1
Multiple car pile-up on the highway due to dense fog.,1
Flood warnings issued for the eastern regions; residents are advised to evacuate.,1
Hailstorm damages crops and property in the northern regions.,1
Multiple car pile-up on the highway due to dense fog.,1
Train derailment near the station; emergency services are on the scene.,1
Huge tornado spotted near the town center; residents are urged to seek shelter immediately.,1
Breaking: Terrorist attack at the city square; many feared dead.,1
Severe drought in the southern parts causing crop failures.,1
Flood warnings issued for the eastern regions; residents are advised to evacuate.,1
Breaking: Terrorist attack at the city square; many feared dead.,1
Breaking: Terrorist attack at the city square; many feared dead.,1
Train derailment near the station; emergency services are on the scene.,1
Massive earthquake shakes the west coast causing widespread damage.,1
Severe drought in the southern parts causing crop failures.,1
Hailstorm damages crops and property in the northern regions.,1
Breaking: Terrorist attack at the city square; many feared dead.,1
Huge tornado spotted near the town center; residents are urged to seek shelter immediately.,1
Hailstorm damages crops and property in the northern regions.,1
Huge tornado spotted near the town center; residents are urged to seek shelter immediately.,1
"Forest fires rage on, consuming thousands of acres of woodland.",1
"Forest fires rage on, consuming thousands of acres of woodland.",1
Flood warnings issued for the eastern regions; residents are advised to evacuate.,1
Severe drought in the southern parts causing crop failures.,1
Flood warnings issued for the eastern regions; residents are advised to evacuate.,1
Flood warnings issued for the eastern regions; residents are advised to evacuate.,1
Train derailment near the station; emergency services are on the scene.,1
Massive earthquake shakes the west coast causing widespread damage.,1
Train derailment near the station; emergency services are on the scene.,1
Severe drought in the southern parts causing crop failures.,1
"Forest fires rage on, consuming thousands of acres of woodland.",1
Gas leak reported in the downtown area; evacuation underway.,1
Hailstorm damages crops and property in the northern regions.,1
Flood warnings issued for the eastern regions; residents are advised to evacuate.,1
Train derailment near the station; emergency services are on the scene.,1
Severe drought in the southern parts causing crop failures.,1
Massive earthquake shakes the west coast causing widespread damage.,1
Gas leak reported in the downtown area; evacuation underway.,1
Breaking: Terrorist attack at the city square; many feared dead.,1
Flood warnings issued for the eastern regions; residents are advised to evacuate.,1
Gas leak reported in the downtown area; evacuation underway.,1
Hailstorm damages crops and property in the northern regions.,1
Huge tornado spotted near the town center; residents are urged to seek shelter immediately.,1
Severe drought in the southern parts causing crop failures.,1
Gas leak reported in the downtown area; evacuation underway.,1
Multiple car pile-up on the highway due to dense fog.,1
Flood warnings issued for the eastern regions; residents are advised to evacuate.,1
Hailstorm damages crops and property in the northern regions.,1
"Forest fires rage on, consuming thousands of acres of woodland.",1
Huge tornado spotted near the town center; residents are urged to seek shelter immediately.,1
Multiple car pile-up on the highway due to dense fog.,1
Severe drought in the southern parts causing crop failures.,1
Gas leak reported in the downtown area; evacuation underway.,1
"Forest fires rage on, consuming thousands of acres of woodland.",1
Massive earthquake shakes the west coast causing widespread damage.,1
Huge tornado spotted near the town center; residents are urged to seek shelter immediately.,1
"Forest fires rage on, consuming thousands of acres of woodland.",1
Flood warnings issued for the eastern regions; residents are advised to evacuate.,1
Gas leak reported in the downtown area; evacuation underway.,1
Breaking: Terrorist attack at the city square; many feared dead.,1
Flood warnings issued for the eastern regions; residents are advised to evacuate.,1
Flood warnings issued for the eastern regions; residents are advised to evacuate.,1
Huge tornado spotted near the town center; residents are urged to seek shelter immediately.,1
Flood warnings issued for the eastern regions; residents are advised to evacuate.,1
Severe drought in the southern parts causing crop failures.,1
Flood warnings issued for the eastern regions; residents are advised to evacuate.,1
Hailstorm damages crops and property in the northern regions.,1
Gas leak reported in the downtown area; evacuation underway.,1
Huge tornado spotted near the town center; residents are urged to seek shelter immediately.,1
Huge tornado spotted near the town center; residents are urged to seek shelter immediately.,1
Gas leak reported in the downtown area; evacuation underway.,1
Train derailment near the station; emergency services are on the scene.,1
Severe drought in the southern parts causing crop failures.,1
Massive earthquake shakes the west coast causing widespread damage.,1
Flood warnings issued for the eastern regions; residents are advised to evacuate.,1
Breaking: Terrorist attack at the city square; many feared dead.,1
"Forest fires rage on, consuming thousands of acres of woodland.",1
Breaking: Terrorist attack at the city square; many feared dead.,1
Huge tornado spotted near the town center; residents are urged to seek shelter immediately.,1
Gas leak reported in the downtown area; evacuation underway.,1
Severe drought in the southern parts causing crop failures.,1
Breaking: Terrorist attack at the city square; many feared dead.,1
Train derailment near the station; emergency services are on the scene.,1
Hailstorm damages crops and property in the northern regions.,1
Huge tornado spotted near the town center; residents are urged to seek shelter immediately.,1
"Forest fires rage on, consuming thousands of acres of woodland.",1
Huge tornado spotted near the town center; residents are urged to seek shelter immediately.,1
Hailstorm damages crops and property in the northern regions.,1
Train derailment near the station; emergency services are on the scene.,1
Train derailment near the station; emergency services are on the scene.,1
Gas leak reported in the downtown area; evacuation underway.,1
Huge tornado spotted near the town center; residents are urged to seek shelter immediately.,1
Huge tornado spotted near the town center; residents are urged to seek shelter immediately.,1
Flood warnings issued for the eastern regions; residents are advised to evacuate.,1
Multiple car pile-up on the highway due to dense fog.,1
Train derailment near the station; emergency services are on the scene.,1
"Forest fires rage on, consuming thousands of acres of woodland.",1
Huge tornado spotted near the town center; residents are urged to seek shelter immediately.,1
Multiple car pile-up on the highway due to dense fog.,1
Breaking: Terrorist attack at the city square; many feared dead.,1
Huge tornado spotted near the town center; residents are urged to seek shelter immediately.,1
Multiple car pile-up on the highway due to dense fog.,1
Multiple car pile-up on the highway due to dense fog.,1
Huge tornado spotted near the town center; residents are urged to seek shelter immediately.,1
Flood warnings issued for the eastern regions; residents are advised to evacuate.,1
"Forest fires rage on, consuming thousands of acres of woodland.",1
Huge tornado spotted near the town center; residents are urged to seek shelter immediately.,1
Huge tornado spotted near the town center; residents are urged to seek shelter immediately.,1
Train derailment near the station; emergency services are on the scene.,1
Severe drought in the southern parts causing crop failures.,1
Huge tornado spotted near the town center; residents are urged to seek shelter immediately.,1
Flood warnings issued for the eastern regions; residents are advised to evacuate.,1
Breaking: Terrorist attack at the city square; many feared dead.,1
Train derailment near the station; emergency services are on the scene.,1
"Forest fires rage on, consuming thousands of acres of woodland.",1
Gas leak reported in the downtown area; evacuation underway.,1
Breaking: Terrorist attack at the city square; many feared dead.,1
Gas leak reported in the downtown area; evacuation underway.,1
Severe drought in the southern parts causing crop failures.,1
Gas leak reported in the downtown area; evacuation underway.,1
Flood warnings issued for the eastern regions; residents are advised to evacuate.,1
Massive earthquake shakes the west coast causing widespread damage.,1
Hailstorm damages crops and property in the northern regions.,1
Multiple car pile-up on the highway due to dense fog.,1
Train derailment near the station; emergency services are on the scene.,1
Hailstorm damages crops and property in the northern regions.,1
Gas leak reported in the downtown area; evacuation underway.,1
Severe drought in the southern parts causing crop failures.,1
Severe drought in the southern parts causing crop failures.,1
"Forest fires rage on, consuming thousands of acres of woodland.",1
Huge tornado spotted near the town center; residents are urged to seek shelter immediately.,1
Flood warnings issued for the eastern regions; residents are advised to evacuate.,1
Train derailment near the station; emergency services are on the scene.,1
Breaking: Terrorist attack at the city square; many feared dead.,1
Gas leak reported in the downtown area; evacuation underway.,1
Train derailment near the station; emergency services are on the scene.,1
Train derailment near the station; emergency services are on the scene.,1
Breaking: Terrorist attack at the city square; many feared dead.,1
Flood warnings issued for the eastern regions; residents are advised to evacuate.,1
Hailstorm damages crops and property in the northern regions.,1
Severe drought in the southern parts causing crop failures.,1
Hailstorm damages crops and property in the northern regions.,1
Breaking: Terrorist attack at the city square; many feared dead.,1
Gas leak reported in the downtown area; evacuation underway.,1
Flood warnings issued for the eastern regions; residents are advised to evacuate.,1
Hailstorm damages crops and property in the northern regions.,1
Breaking: Terrorist attack at the city square; many feared dead.,1
Gas leak reported in the downtown area; evacuation underway.,1
Breaking: Terrorist attack at the city square; many feared dead.,1
Huge tornado spotted near the town center; residents are urged to seek shelter immediately.,1
Severe drought in the southern parts causing crop failures.,1
Severe drought in the southern parts causing crop failures.,1
Huge tornado spotted near the town center; residents are urged to seek shelter immediately.,1
Train derailment near the station; emergency services are on the scene.,1
Hailstorm damages crops and property in the northern regions.,1
Huge tornado spotted near the town center; residents are urged to seek shelter immediately.,1
Train derailment near the station; emergency services are on the scene.,1
Huge tornado spotted near the town center; residents are urged to seek shelter immediately.,1
Massive earthquake shakes the west coast causing widespread damage.,1
"Forest fires rage on, consuming thousands of acres of woodland.",1
Train derailment near the station; emergency services are on the scene.,1
Multiple car pile-up on the highway due to dense fog.,1
Gas leak reported in the downtown area; evacuation underway.,1
Multiple car pile-up on the highway due to dense fog.,1
Massive earthquake shakes the west coast causing widespread damage.,1
Flood warnings issued for the eastern regions; residents are advised to evacuate.,1
Hailstorm damages crops and property in the northern regions.,1
Massive earthquake shakes the west coast causing widespread damage.,1
Huge tornado spotted near the town center; residents are urged to seek shelter immediately.,1
Gas leak reported in the downtown area; evacuation underway.,1
Train derailment near the station; emergency services are on the scene.,1
"Forest fires rage on, consuming thousands of acres of woodland.",1
Flood warnings issued for the eastern regions; residents are advised to evacuate.,1
Gas leak reported in the downtown area; evacuation underway.,1
Multiple car pile-up on the highway due to dense fog.,1
Severe drought in the southern parts causing crop failures.,1
Hailstorm damages crops and property in the northern regions.,1
Breaking: Terrorist attack at the city square; many feared dead.,1
Severe drought in the southern parts causing crop failures.,1
Gas leak reported in the downtown area; evacuation underway.,1
Breaking: Terrorist attack at the city square; many feared dead.,1
Multiple car pile-up on the highway due to dense fog.,1
Massive earthquake shakes the west coast causing widespread damage.,1
Breaking: Terrorist attack at the city square; many feared dead.,1
Huge tornado spotted near the town center; residents are urged to seek shelter immediately.,1
Huge tornado spotted near the town center; residents are urged to seek shelter immediately.,1
Huge tornado spotted near the town center; residents are urged to seek shelter immediately.,1
Gas leak reported in the downtown area; evacuation underway.,1
Multiple car pile-up on the highway due to dense fog.,1
Huge tornado spotted near the town center; residents are urged to seek shelter immediately.,1
Breaking: Terrorist attack at the city square; many feared dead.,1
"Forest fires rage on, consuming thousands of acres of woodland.",1
Severe drought in the southern parts causing crop failures.,1
Massive earthquake shakes the west coast causing widespread damage.,1
Huge tornado spotted near the town center; residents are urged to seek shelter immediately.,1
Gas leak reported in the downtown area; evacuation underway.,1
"Forest fires rage on, consuming thousands of acres of woodland.",1
Multiple car pile-up on the highway due to dense fog.,1
Huge tornado spotted near the town center; residents are urged to seek shelter immediately.,1
Hailstorm damages crops and property in the northern regions.,1
Multiple car pile-up on the highway due to dense fog.,1
Train derailment near the station; emergency services are on the scene.,1
"Forest fires rage on, consuming thousands of acres of woodland.",1
Huge tornado spotted near the town center; residents are urged to seek shelter immediately.,1
"Forest fires rage on, consuming thousands of acres of woodland.",1
Massive earthquake shakes the west coast causing widespread damage.,1
Hailstorm damages crops and property in the northern regions.,1
Gas leak reported in the downtown area; evacuation underway.,1
"Forest fires rage on, consuming thousands of acres of woodland.",1
"Forest fires rage on, consuming thousands of acres of woodland.",1
Flood warnings issued for the eastern regions; residents are advised to evacuate.,1
Breaking: Terrorist attack at the city square; many feared dead.,1
"Forest fires rage on, consuming thousands of acres of woodland.",1
Multiple car pile-up on the highway due to dense fog.,1
Flood warnings issued for the eastern regions; residents are advised to evacuate.,1
"Forest fires rage on, consuming thousands of acres of woodland.",1
Huge tornado spotted near the town center; residents are urged to seek shelter immediately.,1
Gas leak reported in the downtown area; evacuation underway.,1
Huge tornado spotted near the town center; residents are urged to seek shelter immediately.,1
"Forest fires rage on, consuming thousands of acres of woodland.",1
Gas leak reported in the downtown area; evacuation underway.,1
Huge tornado spotted near the town center; residents are urged to seek shelter immediately.,1
Flood warnings issued for the eastern regions; residents are advised to evacuate.,1
"Forest fires rage on, consuming thousands of acres of woodland.",1
Breaking: Terrorist attack at the city square; many feared dead.,1
Multiple car pile-up on the highway due to dense fog.,1
Gas leak reported in the downtown area; evacuation underway.,1
Breaking: Terrorist attack at the city square; many feared dead.,1
Train derailment near the station; emergency services are on the scene.,1
Massive earthquake shakes the west coast causing widespread damage.,1
Massive earthquake shakes the west coast causing widespread damage.,1
Train derailment near the station; emergency services are on the scene.,1
Gas leak reported in the downtown area; evacuation underway.,1
Massive earthquake shakes the west coast causing widespread damage.,1
Hailstorm damages crops and property in the northern regions.,1
"Forest fires rage on, consuming thousands of acres of woodland.",1
Multiple car pile-up on the highway due to dense fog.,1
Massive earthquake shakes the west coast causing widespread damage.,1
Flood warnings issued for the eastern regions; residents are advised to evacuate.,1
Severe drought in the southern parts causing crop failures.,1
Massive earthquake shakes the west coast causing widespread damage.,1
Train derailment near the station; emergency services are on the scene.,1
"Forest fires rage on, consuming thousands of acres of woodland.",1
"Forest fires rage on, consuming thousands of acres of woodland.",1
Huge tornado spotted near the town center; residents are urged to seek shelter immediately.,1
Severe drought in the southern parts causing crop failures.,1
Severe drought in the southern parts causing crop failures.,1
Breaking: Terrorist attack at the city square; many feared dead.,1
Gas leak reported in the downtown area; evacuation underway.,1
Train derailment near the station; emergency services are on the scene.,1
Huge tornado spotted near the town center; residents are urged to seek shelter immediately.,1
Breaking: Terrorist attack at the city square; many feared dead.,1
Multiple car pile-up on the highway due to dense fog.,1
Massive earthquake shakes the west coast causing widespread damage.,1
Flood warnings issued for the eastern regions; residents are advised to evacuate.,1
Flood warnings issued for the eastern regions; residents are advised to evacuate.,1
Hailstorm damages crops and property in the northern regions.,1
Multiple car pile-up on the highway due to dense fog.,1
Train derailment near the station; emergency services are on the scene.,1
Flood warnings issued for the eastern regions; residents are advised to evacuate.,1
Train derailment near the station; emergency services are on the scene.,1
Severe drought in the southern parts causing crop failures.,1
Multiple car pile-up on the highway due to dense fog.,1
Multiple car pile-up on the highway due to dense fog.,1
Gas leak reported in the downtown area; evacuation underway.,1
Huge tornado spotted near the town center; residents are urged to seek shelter immediately.,1
Huge tornado spotted near the town center; residents are urged to seek shelter immediately.,1
"Forest fires rage on, consuming thousands of acres of woodland.",1
Severe drought in the southern parts causing crop failures.,1
Severe drought in the southern parts causing crop failures.,1
Hailstorm damages crops and property in the northern regions.,1
Hailstorm damages crops and property in the northern regions.,1
Multiple car pile-up on the highway due to dense fog.,1
Severe drought in the southern parts causing crop failures.,1
Flood warnings issued for the eastern regions; residents are advised to evacuate.,1
Hailstorm damages crops and property in the northern regions.,1
Hailstorm damages crops and property in the northern regions.,1
Multiple car pile-up on the highway due to dense fog.,1
Breaking: Terrorist attack at the city square; many feared dead.,1
Multiple car pile-up on the highway due to dense fog.,1
Severe drought in the southern parts causing crop failures.,1
Severe drought in the southern parts causing crop failures.,1
Severe drought in the southern parts causing crop failures.,1
Flood warnings issued for the eastern regions; residents are advised to evacuate.,1
Hailstorm damages crops and property in the northern regions.,1
"Forest fires rage on, consuming thousands of acres of woodland.",1
Hailstorm damages crops and property in the northern regions.,1
Train derailment near the station; emergency services are on the scene.,1
Gas leak reported in the downtown area; evacuation underway.,1
Severe drought in the southern parts causing crop failures.,1
Massive earthquake shakes the west coast causing widespread damage.,1
"Forest fires rage on, consuming thousands of acres of woodland.",1
Severe drought in the southern parts causing crop failures.,1
Train derailment near the station; emergency services are on the scene.,1
Train derailment near the station; emergency services are on the scene.,1
Flood warnings issued for the eastern regions; residents are advised to evacuate.,1
Breaking: Terrorist attack at the city square; many feared dead.,1
Severe drought in the southern parts causing crop failures.,1
Severe drought in the southern parts causing crop failures.,1
Flood warnings issued for the eastern regions; residents are advised to evacuate.,1
Severe drought in the southern parts causing crop failures.,1
Multiple car pile-up on the highway due to dense fog.,1
"Forest fires rage on, consuming thousands of acres of woodland.",1
Breaking: Terrorist attack at the city square; many feared dead.,1
Massive earthquake shakes the west coast causing widespread damage.,1
Flood warnings issued for the eastern regions; residents are advised to evacuate.,1
Train derailment near the station; emergency services are on the scene.,1
Multiple car pile-up on the highway due to dense fog.,1
Hailstorm damages crops and property in the northern regions.,1
Breaking: Terrorist attack at the city square; many feared dead.,1
Flood warnings issued for the eastern regions; residents are advised to evacuate.,1
Breaking: Terrorist attack at the city square; many feared dead.,1
Breaking: Terrorist attack at the city square; many feared dead.,1
Flood warnings issued for the eastern regions; residents are advised to evacuate.,1
Breaking: Terrorist attack at the city square; many feared dead.,1
Flood warnings issued for the eastern regions; residents are advised to evacuate.,1
Multiple car pile-up on the highway due to dense fog.,1
Severe drought in the southern parts causing crop failures.,1
Hailstorm damages crops and property in the northern regions.,1
Multiple car pile-up on the highway due to dense fog.,1
Huge tornado spotted near the town center; residents are urged to seek shelter immediately.,1
Flood warnings issued for the eastern regions; residents are advised to evacuate.,1
Multiple car pile-up on the highway due to dense fog.,1
Flood warnings issued for the eastern regions; residents are advised to evacuate.,1
Multiple car pile-up on the highway due to dense fog.,1
Multiple car pile-up on the highway due to dense fog.,1
Huge tornado spotted near the town center; residents are urged to seek shelter immediately.,1
Hailstorm damages crops and property in the northern regions.,1
Hailstorm damages crops and property in the northern regions.,1
Huge tornado spotted near the town center; residents are urged to seek shelter immediately.,1
"Forest fires rage on, consuming thousands of acres of woodland.",1
Gas leak reported in the downtown area; evacuation underway.,1
Huge tornado spotted near the town center; residents are urged to seek shelter immediately.,1
Breaking: Terrorist attack at the city square; many feared dead.,1
"Forest fires rage on, consuming thousands of acres of woodland.",1
Gas leak reported in the downtown area; evacuation underway.,1
Breaking: Terrorist attack at the city square; many feared dead.,1
Hailstorm damages crops and property in the northern regions.,1
Massive earthquake shakes the west coast causing widespread damage.,1
"Forest fires rage on, consuming thousands of acres of woodland.",1
Gas leak reported in the downtown area; evacuation underway.,1
Multiple car pile-up on the highway due to dense fog.,1
Severe drought in the southern parts causing crop failures.,1
Breaking: Terrorist attack at the city square; many feared dead.,1
Massive earthquake shakes the west coast causing widespread damage.,1
Massive earthquake shakes the west coast causing widespread damage.,1
Severe drought in the southern parts causing crop failures.,1
Hailstorm damages crops and property in the northern regions.,1
Gas leak reported in the downtown area; evacuation underway.,1
Huge tornado spotted near the town center; residents are urged to seek shelter immediately.,1
Hailstorm damages crops and property in the northern regions.,1
Severe drought in the southern parts causing crop failures.,1
Severe drought in the southern parts causing crop failures.,1
Massive earthquake shakes the west coast causing widespread damage.,1
Huge tornado spotted near the town center; residents are urged to seek shelter immediately.,1
Hailstorm damages crops and property in the northern regions.,1
Severe drought in the southern parts causing crop failures.,1
Breaking: Terrorist attack at the city square; many feared dead.,1
Flood warnings issued for the eastern regions; residents are advised to evacuate.,1
Gas leak reported in the downtown area; evacuation underway.,1
Train derailment near the station; emergency services are on the scene.,1
Hailstorm damages crops and property in the northern regions.,1
Flood warnings issued for the eastern regions; residents are advised to evacuate.,1
"Forest fires rage on, consuming thousands of acres of woodland.",1
Train derailment near the station; emergency services are on the scene.,1
Massive earthquake shakes the west coast causing widespread damage.,1
Multiple car pile-up on the highway due to dense fog.,1
Hailstorm damages crops and property in the northern regions.,1
Hailstorm damages crops and property in the northern regions.,1
Multiple car pile-up on the highway due to dense fog.,1
Multiple car pile-up on the highway due to dense fog.,1
Gas leak reported in the downtown area; evacuation underway.,1
Hailstorm damages crops and property in the northern regions.,1
Breaking: Terrorist attack at the city square; many feared dead.,1
Severe drought in the southern parts causing crop failures.,1
Breaking: Terrorist attack at the city square; many feared dead.,1
"Forest fires rage on, consuming thousands of acres of woodland.",1
Gas leak reported in the downtown area; evacuation underway.,1
Massive earthquake shakes the west coast causing widespread damage.,1
Huge tornado spotted near the town center; residents are urged to seek shelter immediately.,1
Breaking: Terrorist attack at the city square; many feared dead.,1
Breaking: Terrorist attack at the city square; many feared dead.,1
Severe drought in the southern parts causing crop failures.,1
Flood warnings issued for the eastern regions; residents are advised to evacuate.,1
Flood warnings issued for the eastern regions; residents are advised to evacuate.,1
Hailstorm damages crops and property in the northern regions.,1
Hailstorm damages crops and property in the northern regions.,1
Huge tornado spotted near the town center; residents are urged to seek shelter immediately.,1
Severe drought in the southern parts causing crop failures.,1
Flood warnings issued for the eastern regions; residents are advised to evacuate.,1
Massive earthquake shakes the west coast causing widespread damage.,1
Severe drought in the southern parts causing crop failures.,1
Huge tornado spotted near the town center; residents are urged to seek shelter immediately.,1
"Forest fires rage on, consuming thousands of acres of woodland.",1
Hailstorm damages crops and property in the northern regions.,1
Flood warnings issued for the eastern regions; residents are advised to evacuate.,1
"Forest fires rage on, consuming thousands of acres of woodland.",1
Gas leak reported in the downtown area; evacuation underway.,1
Massive earthquake shakes the west coast causing widespread damage.,1
Gas leak reported in the downtown area; evacuation underway.,1
Hailstorm damages crops and property in the northern regions.,1
Multiple car pile-up on the highway due to dense fog.,1
Train derailment near the station; emergency services are on the scene.,1
Hailstorm damages crops and property in the northern regions.,1
Flood warnings issued for the eastern regions; residents are advised to evacuate.,1
Severe drought in the southern parts causing crop failures.,1
Huge tornado spotted near the town center; residents are urged to seek shelter immediately.,1
Breaking: Terrorist attack at the city square; many feared dead.,1
Huge tornado spotted near the town center; residents are urged to seek shelter immediately.,1
Severe drought in the southern parts causing crop failures.,1
Gas leak reported in the downtown area; evacuation underway.,1
Hailstorm damages crops and property in the northern regions.,1
Huge tornado spotted near the town center; residents are urged to seek shelter immediately.,1
Multiple car pile-up on the highway due to dense fog.,1
Train derailment near the station; emergency services are on the scene.,1
Severe drought in the southern parts causing crop failures.,1
Multiple car pile-up on the highway due to dense fog.,1
Hailstorm damages crops and property in the northern regions.,1
"Forest fires rage on, consuming thousands of acres of woodland.",1
Massive earthquake shakes the west coast causing widespread damage.,1
Train derailment near the station; emergency services are on the scene.,1
Gas leak reported in the downtown area; evacuation underway.,1
Hailstorm damages crops and property in the northern regions.,1
Multiple car pile-up on the highway due to dense fog.,1
Hailstorm damages crops and property in the northern regions.,1
Train derailment near the station; emergency services are on the scene.,1
"Forest fires rage on, consuming thousands of acres of woodland.",1
"Forest fires rage on, consuming thousands of acres of woodland.",1
Massive earthquake shakes the west coast causing widespread damage.,1
"Forest fires rage on, consuming thousands of acres of woodland.",1
Huge tornado spotted near the town center; residents are urged to seek shelter immediately.,1
Breaking: Terrorist attack at the city square; many feared dead.,1
Hailstorm damages crops and property in the northern regions.,1
Severe drought in the southern parts causing crop failures.,1
Gas leak reported in the downtown area; evacuation underway.,1
Gas leak reported in the downtown area; evacuation underway.,1
Gas leak reported in the downtown area; evacuation underway.,1
Severe drought in the southern parts causing crop failures.,1
Train derailment near the station; emergency services are on the scene.,1
Gas leak reported in the downtown area; evacuation underway.,1
"Forest fires rage on, consuming thousands of acres of woodland.",1
Multiple car pile-up on the highway due to dense fog.,1
Hailstorm damages crops and property in the northern regions.,1
Multiple car pile-up on the highway due to dense fog.,1
Train derailment near the station; emergency services are on the scene.,1
Train derailment near the station; emergency services are on the scene.,1
Train derailment near the station; emergency services are on the scene.,1
"Forest fires rage on, consuming thousands of acres of woodland.",1
Gas leak reported in the downtown area; evacuation underway.,1
Severe drought in the southern parts causing crop failures.,1
Gas leak reported in the downtown area; evacuation underway.,1
Severe drought in the southern parts causing crop failures.,1
Train derailment near the station; emergency services are on the scene.,1
Severe drought in the southern parts causing crop failures.,1
Huge tornado spotted near the town center; residents are urged to seek shelter immediately.,1
Flood warnings issued for the eastern regions; residents are advised to evacuate.,1
Severe drought in the southern parts causing crop failures.,1
Gas leak reported in the downtown area; evacuation underway.,1
Gas leak reported in the downtown area; evacuation underway.,1
"Forest fires rage on, consuming thousands of acres of woodland.",1
Gas leak reported in the downtown area; evacuation underway.,1
Massive earthquake shakes the west coast causing widespread damage.,1
Train derailment near the station; emergency services are on the scene.,1
Breaking: Terrorist attack at the city square; many feared dead.,1
Severe drought in the southern parts causing crop failures.,1
Massive earthquake shakes the west coast causing widespread damage.,1
Massive earthquake shakes the west coast causing widespread damage.,1
Flood warnings issued for the eastern regions; residents are advised to evacuate.,1
Multiple car pile-up on the highway due to dense fog.,1
"Forest fires rage on, consuming thousands of acres of woodland.",1
Flood warnings issued for the eastern regions; residents are advised to evacuate.,1
Huge tornado spotted near the town center; residents are urged to seek shelter immediately.,1
Severe drought in the southern parts causing crop failures.,1
Severe drought in the southern parts causing crop failures.,1
Severe drought in the southern parts causing crop failures.,1
Train derailment near the station; emergency services are on the scene.,1
Gas leak reported in the downtown area; evacuation underway.,1
Severe drought in the southern parts causing crop failures.,1
Train derailment near the station; emergency services are on the scene.,1
"Forest fires rage on, consuming thousands of acres of woodland.",1
Huge tornado spotted near the town center; residents are urged to seek shelter immediately.,1
Flood warnings issued for the eastern regions; residents are advised to evacuate.,1
Breaking: Terrorist attack at the city square; many feared dead.,1
Train derailment near the station; emergency services are on the scene.,1
Gas leak reported in the downtown area; evacuation underway.,1
Breaking: Terrorist attack at the city square; many feared dead.,1
"Forest fires rage on, consuming thousands of acres of woodland.",1
Hailstorm damages crops and property in the northern regions.,1
Train derailment near the station; emergency services are on the scene.,1
Huge tornado spotted near the town center; residents are urged to seek shelter immediately.,1
Multiple car pile-up on the highway due to dense fog.,1
Severe drought in the southern parts causing crop failures.,1
Gas leak reported in the downtown area; evacuation underway.,1
The new burger joint in town is the bomb! Highly recommend.,0
Training for the marathon next month; need to build my stamina.,0
The new burger joint in town is the bomb! Highly recommend.,0
Training for the marathon next month; need to build my stamina.,0
The new burger joint in town is the bomb! Highly recommend.,0
Listening to the new album and it's fire! ðŸ”¥,0
Listening to the new album and it's fire! ðŸ”¥,0
The new burger joint in town is the bomb! Highly recommend.,0
Training for the marathon next month; need to build my stamina.,0
The science lecture on volcanic eruptions was fascinating.,0
The football match was explosive! What a game!,0
Just watched a movie about tsunamis; it was a thrilling experience.,0
Attending a rock concert tonight; super excited!,0
"Going camping this weekend, hoping for good weather.",0
Listening to the new album and it's fire! ðŸ”¥,0
Attending a rock concert tonight; super excited!,0
The new burger joint in town is the bomb! Highly recommend.,0
"Stuck in a traffic jam, feels like an endless road.",0
Training for the marathon next month; need to build my stamina.,0
Attending a rock concert tonight; super excited!,0
Listening to the new album and it's fire! ðŸ”¥,0
Listening to the new album and it's fire! ðŸ”¥,0
"Stuck in a traffic jam, feels like an endless road.",0
Just watched a movie about tsunamis; it was a thrilling experience.,0
The football match was explosive! What a game!,0
The new burger joint in town is the bomb! Highly recommend.,0
The new burger joint in town is the bomb! Highly recommend.,0
Training for the marathon next month; need to build my stamina.,0
The new burger joint in town is the bomb! Highly recommend.,0
Listening to the new album and it's fire! ðŸ”¥,0
Training for the marathon next month; need to build my stamina.,0
The book on natural disasters was an enlightening read.,0
Attending a rock concert tonight; super excited!,0
The new burger joint in town is the bomb! Highly recommend.,0
"Stuck in a traffic jam, feels like an endless road.",0
Training for the marathon next month; need to build my stamina.,0
The book on natural disasters was an enlightening read.,0
"Stuck in a traffic jam, feels like an endless road.",0
The football match was explosive! What a game!,0
Just watched a movie about tsunamis; it was a thrilling experience.,0
Attending a rock concert tonight; super excited!,0
Just watched a movie about tsunamis; it was a thrilling experience.,0
Attending a rock concert tonight; super excited!,0
Just watched a movie about tsunamis; it was a thrilling experience.,0
Just watched a movie about tsunamis; it was a thrilling experience.,0
The book on natural disasters was an enlightening read.,0
"Stuck in a traffic jam, feels like an endless road.",0
Just watched a movie about tsunamis; it was a thrilling experience.,0
"Going camping this weekend, hoping for good weather.",0
Listening to the new album and it's fire! ðŸ”¥,0
Attending a rock concert tonight; super excited!,0
"Going camping this weekend, hoping for good weather.",0
"Going camping this weekend, hoping for good weather.",0
Attending a rock concert tonight; super excited!,0
The science lecture on volcanic eruptions was fascinating.,0
"Going camping this weekend, hoping for good weather.",0
The new burger joint in town is the bomb! Highly recommend.,0
The science lecture on volcanic eruptions was fascinating.,0
Attending a rock concert tonight; super excited!,0
Training for the marathon next month; need to build my stamina.,0
The football match was explosive! What a game!,0
Training for the marathon next month; need to build my stamina.,0
The book on natural disasters was an enlightening read.,0
The new burger joint in town is the bomb! Highly recommend.,0
Training for the marathon next month; need to build my stamina.,0
Listening to the new album and it's fire! ðŸ”¥,0
The new burger joint in town is the bomb! Highly recommend.,0
Attending a rock concert tonight; super excited!,0
The book on natural disasters was an enlightening read.,0
Attending a rock concert tonight; super excited!,0
Just watched a movie about tsunamis; it was a thrilling experience.,0
The science lecture on volcanic eruptions was fascinating.,0
"Going camping this weekend, hoping for good weather.",0
"Going camping this weekend, hoping for good weather.",0
Just watched a movie about tsunamis; it was a thrilling experience.,0
The football match was explosive! What a game!,0
"Stuck in a traffic jam, feels like an endless road.",0
"Stuck in a traffic jam, feels like an endless road.",0
Attending a rock concert tonight; super excited!,0
Training for the marathon next month; need to build my stamina.,0
Training for the marathon next month; need to build my stamina.,0
The new burger joint in town is the bomb! Highly recommend.,0
Attending a rock concert tonight; super excited!,0
Attending a rock concert tonight; super excited!,0
The book on natural disasters was an enlightening read.,0
The football match was explosive! What a game!,0
Training for the marathon next month; need to build my stamina.,0
The science lecture on volcanic eruptions was fascinating.,0
"Stuck in a traffic jam, feels like an endless road.",0
Just watched a movie about tsunamis; it was a thrilling experience.,0
The football match was explosive! What a game!,0
Attending a rock concert tonight; super excited!,0
The football match was explosive! What a game!,0
The science lecture on volcanic eruptions was fascinating.,0
"Stuck in a traffic jam, feels like an endless road.",0
Training for the marathon next month; need to build my stamina.,0
"Stuck in a traffic jam, feels like an endless road.",0
"Stuck in a traffic jam, feels like an endless road.",0
"Going camping this weekend, hoping for good weather.",0
Just watched a movie about tsunamis; it was a thrilling experience.,0
The football match was explosive! What a game!,0
Training for the marathon next month; need to build my stamina.,0
"Stuck in a traffic jam, feels like an endless road.",0
Attending a rock concert tonight; super excited!,0
"Going camping this weekend, hoping for good weather.",0
The football match was explosive! What a game!,0
Listening to the new album and it's fire! ðŸ”¥,0
Attending a rock concert tonight; super excited!,0
"Stuck in a traffic jam, feels like an endless road.",0
The new burger joint in town is the bomb! Highly recommend.,0
Training for the marathon next month; need to build my stamina.,0
Just watched a movie about tsunamis; it was a thrilling experience.,0
The new burger joint in town is the bomb! Highly recommend.,0
The science lecture on volcanic eruptions was fascinating.,0
"Stuck in a traffic jam, feels like an endless road.",0
Training for the marathon next month; need to build my stamina.,0
Just watched a movie about tsunamis; it was a thrilling experience.,0
The football match was explosive! What a game!,0
Listening to the new album and it's fire! ðŸ”¥,0
Attending a rock concert tonight; super excited!,0
Listening to the new album and it's fire! ðŸ”¥,0
"Going camping this weekend, hoping for good weather.",0
The new burger joint in town is the bomb! Highly recommend.,0
"Going camping this weekend, hoping for good weather.",0
The science lecture on volcanic eruptions was fascinating.,0
The new burger joint in town is the bomb! Highly recommend.,0
"Stuck in a traffic jam, feels like an endless road.",0
"Going camping this weekend, hoping for good weather.",0
"Stuck in a traffic jam, feels like an endless road.",0
Training for the marathon next month; need to build my stamina.,0
Listening to the new album and it's fire! ðŸ”¥,0
Attending a rock concert tonight; super excited!,0
Just watched a movie about tsunamis; it was a thrilling experience.,0
The football match was explosive! What a game!,0
Listening to the new album and it's fire! ðŸ”¥,0
The book on natural disasters was an enlightening read.,0
The book on natural disasters was an enlightening read.,0
"Stuck in a traffic jam, feels like an endless road.",0
"Going camping this weekend, hoping for good weather.",0
The book on natural disasters was an enlightening read.,0
Just watched a movie about tsunamis; it was a thrilling experience.,0
"Going camping this weekend, hoping for good weather.",0
The football match was explosive! What a game!,0
"Going camping this weekend, hoping for good weather.",0
The book on natural disasters was an enlightening read.,0
The book on natural disasters was an enlightening read.,0
Listening to the new album and it's fire! ðŸ”¥,0
The science lecture on volcanic eruptions was fascinating.,0
Listening to the new album and it's fire! ðŸ”¥,0
"Stuck in a traffic jam, feels like an endless road.",0
The football match was explosive! What a game!,0
Listening to the new album and it's fire! ðŸ”¥,0
Listening to the new album and it's fire! ðŸ”¥,0
Just watched a movie about tsunamis; it was a thrilling experience.,0
The book on natural disasters was an enlightening read.,0
The football match was explosive! What a game!,0
Listening to the new album and it's fire! ðŸ”¥,0
Listening to the new album and it's fire! ðŸ”¥,0
Attending a rock concert tonight; super excited!,0
Attending a rock concert tonight; super excited!,0
Attending a rock concert tonight; super excited!,0
The new burger joint in town is the bomb! Highly recommend.,0
Attending a rock concert tonight; super excited!,0
The science lecture on volcanic eruptions was fascinating.,0
"Stuck in a traffic jam, feels like an endless road.",0
The book on natural disasters was an enlightening read.,0
Training for the marathon next month; need to build my stamina.,0
"Going camping this weekend, hoping for good weather.",0
"Stuck in a traffic jam, feels like an endless road.",0
Listening to the new album and it's fire! ðŸ”¥,0
The new burger joint in town is the bomb! Highly recommend.,0
Just watched a movie about tsunamis; it was a thrilling experience.,0
The science lecture on volcanic eruptions was fascinating.,0
"Going camping this weekend, hoping for good weather.",0
Listening to the new album and it's fire! ðŸ”¥,0
The new burger joint in town is the bomb! Highly recommend.,0
"Stuck in a traffic jam, feels like an endless road.",0
The science lecture on volcanic eruptions was fascinating.,0
The new burger joint in town is the bomb! Highly recommend.,0
Attending a rock concert tonight; super excited!,0
Just watched a movie about tsunamis; it was a thrilling experience.,0
The new burger joint in town is the bomb! Highly recommend.,0
Listening to the new album and it's fire! ðŸ”¥,0
The science lecture on volcanic eruptions was fascinating.,0
Just watched a movie about tsunamis; it was a thrilling experience.,0
Just watched a movie about tsunamis; it was a thrilling experience.,0
Listening to the new album and it's fire! ðŸ”¥,0
Attending a rock concert tonight; super excited!,0
The book on natural disasters was an enlightening read.,0
"Stuck in a traffic jam, feels like an endless road.",0
"Stuck in a traffic jam, feels like an endless road.",0
The football match was explosive! What a game!,0
Just watched a movie about tsunamis; it was a thrilling experience.,0
Attending a rock concert tonight; super excited!,0
The new burger joint in town is the bomb! Highly recommend.,0
Attending a rock concert tonight; super excited!,0
The science lecture on volcanic eruptions was fascinating.,0
Attending a rock concert tonight; super excited!,0
"Stuck in a traffic jam, feels like an endless road.",0
Training for the marathon next month; need to build my stamina.,0
The new burger joint in town is the bomb! Highly recommend.,0
"Going camping this weekend, hoping for good weather.",0
"Stuck in a traffic jam, feels like an endless road.",0
Just watched a movie about tsunamis; it was a thrilling experience.,0
"Going camping this weekend, hoping for good weather.",0
Training for the marathon next month; need to build my stamina.,0
The new burger joint in town is the bomb! Highly recommend.,0
Listening to the new album and it's fire! ðŸ”¥,0
Attending a rock concert tonight; super excited!,0
The science lecture on volcanic eruptions was fascinating.,0
The science lecture on volcanic eruptions was fascinating.,0
Just watched a movie about tsunamis; it was a thrilling experience.,0
The new burger joint in town is the bomb! Highly recommend.,0
The new burger joint in town is the bomb! Highly recommend.,0
Attending a rock concert tonight; super excited!,0
The science lecture on volcanic eruptions was fascinating.,0
Just watched a movie about tsunamis; it was a thrilling experience.,0
The book on natural disasters was an enlightening read.,0
The book on natural disasters was an enlightening read.,0
Listening to the new album and it's fire! ðŸ”¥,0
The football match was explosive! What a game!,0
The new burger joint in town is the bomb! Highly recommend.,0
Training for the marathon next month; need to build my stamina.,0
Attending a rock concert tonight; super excited!,0
Listening to the new album and it's fire! ðŸ”¥,0
"Going camping this weekend, hoping for good weather.",0
The book on natural disasters was an enlightening read.,0
Attending a rock concert tonight; super excited!,0
The football match was explosive! What a game!,0
Training for the marathon next month; need to build my stamina.,0
"Stuck in a traffic jam, feels like an endless road.",0
"Stuck in a traffic jam, feels like an endless road.",0
The football match was explosive! What a game!,0
The book on natural disasters was an enlightening read.,0
The science lecture on volcanic eruptions was fascinating.,0
The book on natural disasters was an enlightening read.,0
"Stuck in a traffic jam, feels like an endless road.",0
Training for the marathon next month; need to build my stamina.,0
Listening to the new album and it's fire! ðŸ”¥,0
The book on natural disasters was an enlightening read.,0
The science lecture on volcanic eruptions was fascinating.,0
"Stuck in a traffic jam, feels like an endless road.",0
Listening to the new album and it's fire! ðŸ”¥,0
Training for the marathon next month; need to build my stamina.,0
Listening to the new album and it's fire! ðŸ”¥,0
Listening to the new album and it's fire! ðŸ”¥,0
The science lecture on volcanic eruptions was fascinating.,0
"Stuck in a traffic jam, feels like an endless road.",0
The science lecture on volcanic eruptions was fascinating.,0
Just watched a movie about tsunamis; it was a thrilling experience.,0
Attending a rock concert tonight; super excited!,0
"Stuck in a traffic jam, feels like an endless road.",0
The new burger joint in town is the bomb! Highly recommend.,0
The book on natural disasters was an enlightening read.,0
The new burger joint in town is the bomb! Highly recommend.,0
"Going camping this weekend, hoping for good weather.",0
The science lecture on volcanic eruptions was fascinating.,0
Attending a rock concert tonight; super excited!,0
The football match was explosive! What a game!,0
"Stuck in a traffic jam, feels like an endless road.",0
The new burger joint in town is the bomb! Highly recommend.,0
Attending a rock concert tonight; super excited!,0
The science lecture on volcanic eruptions was fascinating.,0
The football match was explosive! What a game!,0
The book on natural disasters was an enlightening read.,0
Training for the marathon next month; need to build my stamina.,0
The football match was explosive! What a game!,0
"Going camping this weekend, hoping for good weather.",0
"Stuck in a traffic jam, feels like an endless road.",0
Just watched a movie about tsunamis; it was a thrilling experience.,0
Listening to the new album and it's fire! ðŸ”¥,0
"Stuck in a traffic jam, feels like an endless road.",0
The new burger joint in town is the bomb! Highly recommend.,0
Training for the marathon next month; need to build my stamina.,0
Attending a rock concert tonight; super excited!,0
Listening to the new album and it's fire! ðŸ”¥,0
"Stuck in a traffic jam, feels like an endless road.",0
Just watched a movie about tsunamis; it was a thrilling experience.,0
Just watched a movie about tsunamis; it was a thrilling experience.,0
"Going camping this weekend, hoping for good weather.",0
"Stuck in a traffic jam, feels like an endless road.",0
The new burger joint in town is the bomb! Highly recommend.,0
"Going camping this weekend, hoping for good weather.",0
The book on natural disasters was an enlightening read.,0
The book on natural disasters was an enlightening read.,0
Listening to the new album and it's fire! ðŸ”¥,0
Attending a rock concert tonight; super excited!,0
The science lecture on volcanic eruptions was fascinating.,0
The football match was explosive! What a game!,0
The science lecture on volcanic eruptions was fascinating.,0
The new burger joint in town is the bomb! Highly recommend.,0
Attending a rock concert tonight; super excited!,0
Attending a rock concert tonight; super excited!,0
"Stuck in a traffic jam, feels like an endless road.",0
Attending a rock concert tonight; super excited!,0
Training for the marathon next month; need to build my stamina.,0
The new burger joint in town is the bomb! Highly recommend.,0
Just watched a movie about tsunamis; it was a thrilling experience.,0
Training for the marathon next month; need to build my stamina.,0
"Going camping this weekend, hoping for good weather.",0
The football match was explosive! What a game!,0
The science lecture on volcanic eruptions was fascinating.,0
Training for the marathon next month; need to build my stamina.,0
Attending a rock concert tonight; super excited!,0
The new burger joint in town is the bomb! Highly recommend.,0
Attending a rock concert tonight; super excited!,0
"Stuck in a traffic jam, feels like an endless road.",0
The football match was explosive! What a game!,0
The new burger joint in town is the bomb! Highly recommend.,0
The science lecture on volcanic eruptions was fascinating.,0
"Stuck in a traffic jam, feels like an endless road.",0
Attending a rock concert tonight; super excited!,0
Attending a rock concert tonight; super excited!,0
Training for the marathon next month; need to build my stamina.,0
The new burger joint in town is the bomb! Highly recommend.,0
"Going camping this weekend, hoping for good weather.",0
Training for the marathon next month; need to build my stamina.,0
Attending a rock concert tonight; super excited!,0
Just watched a movie about tsunamis; it was a thrilling experience.,0
Training for the marathon next month; need to build my stamina.,0
"Stuck in a traffic jam, feels like an endless road.",0
Just watched a movie about tsunamis; it was a thrilling experience.,0
The football match was explosive! What a game!,0
The book on natural disasters was an enlightening read.,0
The football match was explosive! What a game!,0
The new burger joint in town is the bomb! Highly recommend.,0
"Stuck in a traffic jam, feels like an endless road.",0
Just watched a movie about tsunamis; it was a thrilling experience.,0
The new burger joint in town is the bomb! Highly recommend.,0
Attending a rock concert tonight; super excited!,0
Just watched a movie about tsunamis; it was a thrilling experience.,0
Listening to the new album and it's fire! ðŸ”¥,0
The science lecture on volcanic eruptions was fascinating.,0
The new burger joint in town is the bomb! Highly recommend.,0
The book on natural disasters was an enlightening read.,0
The science lecture on volcanic eruptions was fascinating.,0
Training for the marathon next month; need to build my stamina.,0
Training for the marathon next month; need to build my stamina.,0
"Stuck in a traffic jam, feels like an endless road.",0
The book on natural disasters was an enlightening read.,0
"Going camping this weekend, hoping for good weather.",0
The science lecture on volcanic eruptions was fascinating.,0
"Going camping this weekend, hoping for good weather.",0
The science lecture on volcanic eruptions was fascinating.,0
The new burger joint in town is the bomb! Highly recommend.,0
Listening to the new album and it's fire! ðŸ”¥,0
Just watched a movie about tsunamis; it was a thrilling experience.,0
Attending a rock concert tonight; super excited!,0
The science lecture on volcanic eruptions was fascinating.,0
Training for the marathon next month; need to build my stamina.,0
The science lecture on volcanic eruptions was fascinating.,0
"Stuck in a traffic jam, feels like an endless road.",0
The science lecture on volcanic eruptions was fascinating.,0
Training for the marathon next month; need to build my stamina.,0
The new burger joint in town is the bomb! Highly recommend.,0
"Stuck in a traffic jam, feels like an endless road.",0
The football match was explosive! What a game!,0
"Stuck in a traffic jam, feels like an endless road.",0
"Going camping this weekend, hoping for good weather.",0
Training for the marathon next month; need to build my stamina.,0
Listening to the new album and it's fire! ðŸ”¥,0
Training for the marathon next month; need to build my stamina.,0
"Stuck in a traffic jam, feels like an endless road.",0
The football match was explosive! What a game!,0
"Going camping this weekend, hoping for good weather.",0
The football match was explosive! What a game!,0
The science lecture on volcanic eruptions was fascinating.,0
"Going camping this weekend, hoping for good weather.",0
"Stuck in a traffic jam, feels like an endless road.",0
The new burger joint in town is the bomb! Highly recommend.,0
The science lecture on volcanic eruptions was fascinating.,0
Listening to the new album and it's fire! ðŸ”¥,0
The new burger joint in town is the bomb! Highly recommend.,0
The new burger joint in town is the bomb! Highly recommend.,0
Training for the marathon next month; need to build my stamina.,0
The football match was explosive! What a game!,0
Listening to the new album and it's fire! ðŸ”¥,0
Just watched a movie about tsunamis; it was a thrilling experience.,0
"Stuck in a traffic jam, feels like an endless road.",0
The book on natural disasters was an enlightening read.,0
"Going camping this weekend, hoping for good weather.",0
The football match was explosive! What a game!,0
Attending a rock concert tonight; super excited!,0
The book on natural disasters was an enlightening read.,0
The science lecture on volcanic eruptions was fascinating.,0
Listening to the new album and it's fire! ðŸ”¥,0
"Going camping this weekend, hoping for good weather.",0
"Going camping this weekend, hoping for good weather.",0
Attending a rock concert tonight; super excited!,0
"Going camping this weekend, hoping for good weather.",0
"Stuck in a traffic jam, feels like an endless road.",0
The new burger joint in town is the bomb! Highly recommend.,0
Just watched a movie about tsunamis; it was a thrilling experience.,0
Just watched a movie about tsunamis; it was a thrilling experience.,0
Just watched a movie about tsunamis; it was a thrilling experience.,0
Attending a rock concert tonight; super excited!,0
The science lecture on volcanic eruptions was fascinating.,0
"Stuck in a traffic jam, feels like an endless road.",0
The new burger joint in town is the bomb! Highly recommend.,0
The book on natural disasters was an enlightening read.,0
"Stuck in a traffic jam, feels like an endless road.",0
Training for the marathon next month; need to build my stamina.,0
The football match was explosive! What a game!,0
Listening to the new album and it's fire! ðŸ”¥,0
The science lecture on volcanic eruptions was fascinating.,0
Attending a rock concert tonight; super excited!,0
The new burger joint in town is the bomb! Highly recommend.,0
Listening to the new album and it's fire! ðŸ”¥,0
"Stuck in a traffic jam, feels like an endless road.",0
Listening to the new album and it's fire! ðŸ”¥,0
Training for the marathon next month; need to build my stamina.,0
"Going camping this weekend, hoping for good weather.",0
The science lecture on volcanic eruptions was fascinating.,0
The football match was explosive! What a game!,0
Attending a rock concert tonight; super excited!,0
The football match was explosive! What a game!,0
"Stuck in a traffic jam, feels like an endless road.",0
The science lecture on volcanic eruptions was fascinating.,0
Attending a rock concert tonight; super excited!,0
The book on natural disasters was an enlightening read.,0
The new burger joint in town is the bomb! Highly recommend.,0
Attending a rock concert tonight; super excited!,0
The football match was explosive! What a game!,0
Training for the marathon next month; need to build my stamina.,0
Listening to the new album and it's fire! ðŸ”¥,0
Training for the marathon next month; need to build my stamina.,0
"Stuck in a traffic jam, feels like an endless road.",0
Training for the marathon next month; need to build my stamina.,0
Attending a rock concert tonight; super excited!,0
The new burger joint in town is the bomb! Highly recommend.,0
Attending a rock concert tonight; super excited!,0
The book on natural disasters was an enlightening read.,0
Just watched a movie about tsunamis; it was a thrilling experience.,0
The new burger joint in town is the bomb! Highly recommend.,0
The new burger joint in town is the bomb! Highly recommend.,0
The new burger joint in town is the bomb! Highly recommend.,0
Training for the marathon next month; need to build my stamina.,0
Training for the marathon next month; need to build my stamina.,0
Just watched a movie about tsunamis; it was a thrilling experience.,0
"Stuck in a traffic jam, feels like an endless road.",0
"Stuck in a traffic jam, feels like an endless road.",0
"Stuck in a traffic jam, feels like an endless road.",0
Training for the marathon next month; need to build my stamina.,0
The science lecture on volcanic eruptions was fascinating.,0
Attending a rock concert tonight; super excited!,0
"Going camping this weekend, hoping for good weather.",0
Attending a rock concert tonight; super excited!,0
Just watched a movie about tsunamis; it was a thrilling experience.,0
The football match was explosive! What a game!,0
Just watched a movie about tsunamis; it was a thrilling experience.,0
Attending a rock concert tonight; super excited!,0
Training for the marathon next month; need to build my stamina.,0
The book on natural disasters was an enlightening read.,0
The book on natural disasters was an enlightening read.,0
"Stuck in a traffic jam, feels like an endless road.",0
"Going camping this weekend, hoping for good weather.",0
Training for the marathon next month; need to build my stamina.,0
"Stuck in a traffic jam, feels like an endless road.",0
"Stuck in a traffic jam, feels like an endless road.",0
The football match was explosive! What a game!,0
The football match was explosive! What a game!,0
Listening to the new album and it's fire! ðŸ”¥,0
"Going camping this weekend, hoping for good weather.",0
The new burger joint in town is the bomb! Highly recommend.,0
The book on natural disasters was an enlightening read.,0
The football match was explosive! What a game!,0
The football match was explosive! What a game!,0
Attending a rock concert tonight; super excited!,0
"Stuck in a traffic jam, feels like an endless road.",0
Just watched a movie about tsunamis; it was a thrilling experience.,0
Listening to the new album and it's fire! ðŸ”¥,0
Training for the marathon next month; need to build my stamina.,0
Attending a rock concert tonight; super excited!,0
Training for the marathon next month; need to build my stamina.,0
The book on natural disasters was an enlightening read.,0
Attending a rock concert tonight; super excited!,0
Listening to the new album and it's fire! ðŸ”¥,0
The book on natural disasters was an enlightening read.,0
"Stuck in a traffic jam, feels like an endless road.",0
"Going camping this weekend, hoping for good weather.",0
Attending a rock concert tonight; super excited!,0
"Stuck in a traffic jam, feels like an endless road.",0
Training for the marathon next month; need to build my stamina.,0
The football match was explosive! What a game!,0
The new burger joint in town is the bomb! Highly recommend.,0
The science lecture on volcanic eruptions was fascinating.,0
The science lecture on volcanic eruptions was fascinating.,0
Training for the marathon next month; need to build my stamina.,0
Listening to the new album and it's fire! ðŸ”¥,0
The new burger joint in town is the bomb! Highly recommend.,0
The football match was explosive! What a game!,0
Attending a rock concert tonight; super excited!,0
Just watched a movie about tsunamis; it was a thrilling experience.,0
The new burger joint in town is the bomb! Highly recommend.,0
The football match was explosive! What a game!,0
Just watched a movie about tsunamis; it was a thrilling experience.,0
Just watched a movie about tsunamis; it was a thrilling experience.,0
The new burger joint in town is the bomb! Highly recommend.,0
Attending a rock concert tonight; super excited!,0
The science lecture on volcanic eruptions was fascinating.,0
